{"cameraMode":{"drawMode":0,"name":"Shaded","section":"Shading Mode"},"sceneLighting":true,"audioPlay":false,"sceneViewState":{"showFog":true,"showMaterialUpdate":false,"showSkybox":true,"showFlares":true,"showImageEffects":true,"showParticleSystems":true},"in2DMode":false,"pivot":{"x":-11.062772750854493,"y":1.5142054557800294,"z":-4.432551383972168},"rotation":{"x":-0.057029739022254947,"y":-0.9405357241630554,"z":0.1992977112531662,"w":-0.2691407799720764},"size":3.0162153244018556,"orthographic":false}